"RT @helexcorp: Our Public ICO is finished, thanks to all investors and comunity for the support, now the best starts üõ´üåé

Visit. https://t.c‚Ä¶"
"RT @coinbundlecom: With Bitcoin down, which tokens will pick up the slack?

https://t.co/mFTXwBK0oe"
Is the hype of blockchain starting to cool? An interesting analysis by ‚Å¶@TheEconomist‚Å©  https://t.co/OyCcevskDS
"RT @patestevao: I'm finally starting a new infographic series for the next weeks!

This time, the theme is Privacy and Bitcoin.

So, for th‚Ä¶"
"#Bitcoin has a difficult task ahead - regarding to VPVR, HVN lies at around $7400.

https://t.co/6LxmYcQ9Fz"
mBit: Bitcoin Casino | Play Bitcoin Slots and Casino Games Online https://t.co/dRpkNJUzRN
"RT @21Cryptos: Issue 11 is now available!

Inside this issue:

- ETFs, crypto anarchy, new projects &amp; ICOs, Futurist conference, elliot wav‚Ä¶"
"@ProfFaustus Craig Wright, Chief Scientist at Nchain, Computer Scientist, Theologist, Economist, Lawyer, Bitcoin Ma‚Ä¶ https://t.co/7LVZmeqLvT"
RT @RealShillGates: Bitcoin update....Bear gang edition. https://t.co/Emp7Zt7dpz
"RT @ViewoOfficial: https://t.co/vNUjlGfqko

#ico #blockchain #bitcoin #ethereum $btc $eth #crypto #viewo"
@Bitfinexed Bitcoin is great in a world where everything is a lie
"RT @NiceGirlMachine: When you join right twitter you must choose one of the following archetypes:
- ""existential"" incel wojak poster
- repr‚Ä¶"
RT @BubbloApp: Here it is another Bubblo ICO Review üíØ  from the Chanel @ReviewICO - Watch out üëÄ  https://t.co/61iHygis3N üëà #Crypto #cryptoc‚Ä¶
"https://t.co/x8SppccFNq , 4de9e1676e7"
"RT @CryptoCoinsNews: Major Cryptocurrencies Fall But Bitcoin Price Crucially Secures $7,200; Future Trends https://t.co/lHC0jY93dp"
Intertops Casino - New 45 Free Spins Coupon for #LaborDay https://t.co/NZae7ZYwHf Reliable #Bitcoin &amp; #Litecoin Cas‚Ä¶ https://t.co/8CFZCazyc3
"RT @APompliano: The US prints 38 million paper notes a day with a face value of approximately $541 million. 

Bitcoin mines 1,800 BTC per d‚Ä¶"
"RT @davidgokhshtein: some might think it has none, but #eminem just having it on his album got people interested in #bitcoin https://t.co/j‚Ä¶"
"Well, if your country ever becomes Venezuela you will have the rent of a month with only 30000 sats.

Be wise... Buy bitcoin"
@CobraBitcoin LOL then they'd be just as bad as r/bitcoin... right... right...
‰ªÆÊÉ≥ÈÄöË≤®„Ç≥„Ç§„É≥„Åü„Å†Âèñ„Çä„Å´„ÅØÂøÖÈ†à https://t.co/jcnYXl7Kh2 #Bitcoin #BCH
Une ville japonaise inaugure un syst√®me de votation en ligne via la Blockchain https://t.co/y4CZXgaFv8 #bitcoin
RT @WhalePanda: CSW claims that Jihan is paying Bitcoin ABC in Monero... so Monero is way more useful than $BCH and has an actual use case.‚Ä¶
Bitcoin Cash Gains 14% as Stress Test Hits Transaction Record - CCN https://t.co/M6mVzxpr6u
"https://t.co/0ScptZxYqG ""BCH devs categorically SHUT DOWN Cannonical transaction ordering (CTOR) 22 votes to 5 (81,‚Ä¶ https://t.co/VQC4eszj62"
"https://t.co/0ScptZxYqG ""BTC fine art - ""Miner"" - by Nelly Baksht"" #Bitcoin #Ethereum #Blockchain #Trading"
"RT @baseinfo101: Evident influence of digital currency on pop-culture.

https://t.co/STgM8SXquP https://t.co/n8In1Oa5P6"
"https://t.co/Sf8DM1MuBM|Based on blockchain genetic medicine ecological solution.
One of the hottest in 2018!!!
Use‚Ä¶ https://t.co/iwiLzuYuGf"
"Duplicate successful traders automatically with Bitcoin! ‚úÖ

I copy ""wangzai888"". Do you?

‚û°Ô∏è‚Ä¶ https://t.co/70J6Nqv2rN"
RT @BTCTN: Philippine SEC to Publish Draft Crypto Exchange Regulations Next Week https://t.co/bEirw78ssx https://t.co/EwhwpuQhNa
"Why Funny Leaders Are Better Leaders, According to 2 Stanford Professors https://t.co/VIAsO0ZwDg‚Ä¶ https://t.co/UI3WC7noRb"
"RT @SDLerner: @peterktodd @overtorment Everything ""centralizes"" mining. Bitcoin centralizes mining. The weather also centralizes mining. Th‚Ä¶"
"RT @CNBC: It's ""HODL"" and it's the most important acronym in the bitcoin vernacular. We explore the concept in ""Bitcoin: Boom or Bust,"" pre‚Ä¶"
"RT @into_crypto: Bitcoin Price Intraday Analysis: BTC/USD Could Attempt Pullback 

https://t.co/7uel2J6QVx

#CryptoNews #Bitcoin #BTC #Cryp‚Ä¶"
"RT @Cryptopresent: Other coin with this news will up to 100$ fast.
Arabianchain in a few weeks will be ready with @PalmExchange to include‚Ä¶"
@wielandgmeiner Hahaha! I meant biggest Bitcoin ATM producer :-))
"RT @Beautyon_: Privacy is GOOD.
Privacy is NORMAL.
Privacy is BENEFICIAL.
Privacy is GOOD FOR BITCOIN.
Privacy is NOT A PROBLEM.
Privacy is‚Ä¶"
"#Lendo #ELT #crypto #cryptocurrency #blockchain 
#bitcoin #ethereum #litecoin #ripple 
#bitcoincash‚Ä¶ https://t.co/tIasc7MwTf"
RT @ydemombynes: ¬´¬†#Bitcoin‚Äôs value is not caused by the work performed to create them. Bitcoin‚Äôs value comes from its value in actual use.‚Ä¶
"RT @APompliano: The US prints 38 million paper notes a day with a face value of approximately $541 million. 

Bitcoin mines 1,800 BTC per d‚Ä¶"
Wow! | Tron‚Äôs Network Processing Hundreds of Thousands Transactions per day https://t.co/XJfnBAFZ84 #tron #trx‚Ä¶ https://t.co/gAZkmdBBOh
https://t.co/mIgrSposIm @Mounia_NL
"RT @Beautyon_: Privacy is GOOD.
Privacy is NORMAL.
Privacy is BENEFICIAL.
Privacy is GOOD FOR BITCOIN.
Privacy is NOT A PROBLEM.
Privacy is‚Ä¶"
T u https://t.co/Zq2AJbMzxV
"Long/Short Bitcoin changes with up to 100x Leverage at Bitmex! üí∞üéâ

Receive a 10% Fee Rebate:

‚ñ∂Ô∏è‚Ä¶ https://t.co/XhwLvduSH8"
"@davidgokhshtein What the fuck is everybody talkin about? Its ONE fuckin wordplay on the album ""used to bite nickel‚Ä¶ https://t.co/c1M8uGw7Ln"
"Freldo is a business social network to search for experts in your city.
There it`s easy to find like-minded people,‚Ä¶ https://t.co/m1p9mK0N2R"
"RT @NiceGirlMachine: When you join right twitter you must choose one of the following archetypes:
- ""existential"" incel wojak poster
- repr‚Ä¶"
"RT @HandleMode: Only 19 days left to get your Presale Discount on Handle (HNDL) Tokens at https://t.co/OHWdtfmHvp .

Buy Now --&gt; Sell later‚Ä¶"
@uni_co_bitcoin Áü•Ë¶ã„Å†‚Ä¶
RT @argentasio: Argentas helps to decentralize global banking via blockchain: sign up at https://t.co/KGZqxF5lIj your Argentas Exchange Uni‚Ä¶
"Bitcoin investment 
#invest #wealth #stocks #money #london #uk #budget #investor #binary #investment #business‚Ä¶ https://t.co/cvReBQbwaz"
Interesting. #bithumb #bitcoin https://t.co/jEltCHS4Dv
"RT @EthereumLimited: A number of problems exist on a centralized environment. They include nepotism, corruption, and even stagnation. And a‚Ä¶"
El mercado vip de Ucrania que acepta bitcoin por zanahoriasE y tomates// el futuro llego hace rato....
"RT @iam_Reedone: @FirstBankngr  In the Mobile App for self service, there supposed to be a option for Bitcoin wallet deposit there, because‚Ä¶"
@renepickhardt @philippmrichter @fjahr @fulmolightning @shesek I was there and saw it with my own eyes.  #lightningnetwork #bitcoin
"RT @brumhntwk: The BrumH ICO is live.

We are bringing Blockchain into Food and agricultural sector to foster easy and seamless distributio‚Ä¶"
"RT @NiceGirlMachine: When you join right twitter you must choose one of the following archetypes:
- ""existential"" incel wojak poster
- repr‚Ä¶"
"RT @MODULE_Project: Bito CEO Titan Cheng &amp; @MODULE_Project Project manager Toshiki Tashiro.
@BitoEX_Official has successfully blazed a trai‚Ä¶"
"RT @CryptoCoinsNews: Former PayPal CEO Brands Bitcoin a ‚ÄòCult‚Äô, Trashes Use Cases https://t.co/xlPhesivwT"
"RT @NiceGirlMachine: When you join right twitter you must choose one of the following archetypes:
- ""existential"" incel wojak poster
- repr‚Ä¶"
"RT @NiceGirlMachine: When you join right twitter you must choose one of the following archetypes:
- ""existential"" incel wojak poster
- repr‚Ä¶"
"‚òÖ„Éì„ÉÉ„Éà„Ç≥„Ç§„É≥„ÅåÁÑ°Êñô„ÅßË≤∞„Åà„ÇãÊñπÊ≥ï‚òÖ

https://t.co/74c9ne0Thp

#Bitcoin
#BTC
#„Éì„ÉÉ„Éà„Ç≥„Ç§„É≥
#blockchain
#„Ç§„Éº„Çµ„É™„Ç¢„É†
#Ethereum"
RT @CRYPTOVERLOAD: I will be doing a 1 $BTC Givewaway when Bitcoin surpasses 10k. Be it this year or next year. Retweet and follow to enter‚Ä¶
Standard Chartered and Siemens Are Trialing Blockchain-Based ‚ÄúSmart‚Äù Bank Guarantees https://t.co/MFkm2c9IiF  #XBT #BTC #Bitcoin
"RT @NiceGirlMachine: When you join right twitter you must choose one of the following archetypes:
- ""existential"" incel wojak poster
- repr‚Ä¶"
"RT @aencoin: [#7] Community #FunFact Of The Day‚ùóÔ∏è
Did you know the difference between ""Bitcoin"" and ""bitcoin""?ü§î
Hints: It's more than just‚Ä¶"
RT @BigChonis: $BTC - quick update on #bitcoin 4hr chart... https://t.co/dSX0kDkAB4
RT @Esgya: Datasenteret som er planlagt i Sauda til utvinning av Bitcoin skal svi av like mye str√∏m som det dobbelte av det som brukes i Be‚Ä¶
"RT @jeffreyatucker: No, Marxism Does Not Explain Bitcoin's Value via @forbes https://t.co/IkENJfeXPN"
@RealFranksy Is it a currency or an asset? You don‚Äôt take investment risks on currencies as a general rule so there‚Ä¶ https://t.co/apow8nng3d
"@pierre_rochard @bitstein @derekmagill @PrivatizeEdu @BtcpayServer Does bitpay support lightning? If not, then we s‚Ä¶ https://t.co/nbnqj37CUA"
RT @Vindyne8: #ambitmining #bitcoin #cryptocurrency #bitcoinmining #AMBIT #Mining #AMBT #blockchain #mining #Cryptomining #crypto $btc #div‚Ä¶
Monero (XMR) The Privacy Oriented Coin Story and Latest: 10.00% Increase ‚Äì Showcasing Predicted Success -‚Ä¶ https://t.co/U6ukF1PFaM
Me ha gustado un v√≠deo de @YouTube (https://t.co/JOIvONrGqu - Repaso Bitcoin (BTC) Podr√°n los TOROS con esa cu√±a?).
RT @yvesvdm: Bitcoin wallet Bitfi withdraws 'unhackable' claim #cryptocurrency #cybersecurity https://t.co/SwJ5DS3nih
"RT @gastroadvisor: We are pleased to announce a new Advisor on GastroAdvisor Project! 

MIIKKA SALOSEUTU‚ùóÔ∏è
ICOBench TOP20 Expert Advisor!
C‚Ä¶"
RT @Vindyne8: #ambitmining #bitcoin #cryptocurrency #bitcoinmining #AMBIT #Mining #AMBT #blockchain #mining #Cryptomining #crypto $btc #div‚Ä¶
"Copy this guys and Recover your Bitcoin bag!

https://t.co/OlGllloctk

$WINGS $LISK $WAN $ETC $QSP $STORM $TUSD‚Ä¶ https://t.co/DkkjTsOIOA"
RT @Xentagz: #Bitcoin And Lightning Network Interoperability Technology Begins Beta Testing https://t.co/1XUyWnAxnE
RT @Vindyne8: #ambitmining #bitcoin #cryptocurrency #bitcoinmining #AMBIT #Mining #AMBT #blockchain #mining #Cryptomining #crypto $btc #div‚Ä¶
"Long/Short Bitcoin moves with up to 100x Leverage at Bitmex! üí∞üéâ

Receive a 10% Fee Discount:

‚ñ∂Ô∏è‚Ä¶ https://t.co/C8enpYbVQr"
"RT @mattsherriffinc: Rakuten=largest e-commerce website in JapanüáØüáµüíª

500,000 #Shopify stores are empowered to accept #Crypto if they choose‚Ä¶"
RT @Vindyne8: #ambitmining #bitcoin #cryptocurrency #bitcoinmining #AMBIT #Mining #AMBT #blockchain #mining #Cryptomining #crypto $btc #div‚Ä¶
"RT @Paymazglobal: Hi Paymaz Community, First view of our exchange UI, simple and sleek. All the blue-chip (@BITCOlNCASH @Decred_Kor @liteco‚Ä¶"
"RT @crptovipsignal: I will choose 20 random followers to win 0.2 ETH after reaching 1k followers 

Please:

1. FOLLOW
2. LIKE AND RETWEET‚Ä¶"
"RT @cryptomikes: #GIVEAWAY Saturday üéÅüéâ
Price: 2.000.000 #TRBO

1) follow @cryptomikes &amp; @turbostakecoin
2) Like &amp; Retweet this post
3) Tag‚Ä¶"
"RT @dxp8jVjxnxElLuH: ÿ¨Ÿàÿ≤Ÿáÿß ŸäÿØÿÆŸÑ ÿπŸÑŸäŸáÿß ÿßŸÑÿ≠ŸÖÿßŸÖ ÿ®ÿπÿØ ŸÖÿß ŸÜÿßŸÉŸáÿß ŸäÿµŸàÿ±Ÿáÿß ÿπÿ±ŸäÿßŸÜŸá Ÿàÿ™ŸÇŸàŸÑŸá ÿ®ÿ≥ ŸÉŸÅÿßŸäŸá ÿ®ŸÇŸâ

#ŸÖÿ±ÿ®ÿ±ÿ®Ÿá
ÿ≥ŸÉÿ≥ ÿπÿ±ÿ®Ÿä ŸÜŸäŸÉ

‚ú®‚ú®https://t.co/FRDnlGIPW‚Ä¶"
RT @BitcoinMagazine: Check out our latest cover story by @AaronvanW - On overview of some of the tech that is making #bitcoin more private.‚Ä¶
"Replicate lucrative traders automatically with Bitcoin! ‚úÖ

I copy ""wangzai888"". Do you?

‚û°Ô∏è https://t.co/i158u2RCoy‚Ä¶ https://t.co/6L7pQuTJQX"
https://t.co/Zq2AJbMzxV
"RT @exodus_io: Security tip: Enable WPA2 encryption on your Wi-Fi. If not possible, use WPA. Do not use WEP!

How secure is your Wi-Fi netw‚Ä¶"
RT @AaronvanW: New @BitcoinMagazine cover story (by me): Bitcoin as a Privacycoin: This Tech is Making Bitcoin More Private https://t.co/Bl‚Ä¶
RT @renepickhardt: #rip #fiat #money - The video of the ROOM77 lightning payment. Full video with background on how it came to happen on yo‚Ä¶
https://t.co/Kd8Hu2B1KF https://t.co/gKXCCIGxxj
RT @Blawksy: #Bitcoin Cash ($BCH) Stress Test a Success Amidst Poor Price Projections https://t.co/PTvTTH0v7Y https://t.co/JdFFydFcTb
"Regardless of the price struggle, blockchain is definitely the future. So it is understandable as they had written‚Ä¶ https://t.co/z9LM5Rm4NL"
RT @Blockchaincoffe: Install CryptoTab Browser and get high passive income! Mine Bitcoin right in your browser! https://t.co/8N6Y8gQCPQ
"@teamsarri @sodiq
#Airdrop #crytocurrency #provertyeradication #bitcoin https://t.co/LrEbU4YhvM"
